Entertaining and Fun Things to Do in Jaipur,Short Description
Enjoying the beautiful sight at Jal Mahal,Best time to visit: Sunrise and sunset
Cycling at Nahargarh Fort,"Timings: 10 AM-5 PM Entry Fee: INR 20 Indians, INR 50 foreigners"
Visiting the Wax Statue Museum,Timings: 10 AM-6:30 PM Entry Fee: INR 350 per person
Jeep Safari at Nahargarh Biological Park,Timings: 6 AM-10 PM Entry Fee: INR 2200 per adult
A Ride in Hot Air Balloon,"Price: INR 7500-12,000 per person Best time to try: October to April"
Exploring the Different Monuments,Timings: 9:30 AM-5 PM
Visiting Birla Mandir,"Timings: 6 AM-12 PM, 3 PM-9 PM Entry Fee: Free"
Be a Flying Fox,"Timings: 9 AM-7 PM Price: INR 1,649 per person"
Visit the Jawahar Kala Kendra,Timings: 9:30 AM-6:30 PM Entry Fee: Free
Playing Elephant Polo,Timings: 10 AM-7 PM Price: INR 2000 per person
Shop at the Famous Jaipur Bazaars,"Popular bazaars: Tripolia Bazaar, Chandpol Bazaar, Nehru Bazaar, Bapu Bazaar, etc."
Trying the Delicious Cuisines,"Popular dishes: Dal Batti Churma, Ghevar, Lal Maas, Lassi, etc."
Enjoying the Nightlife,"Popular places: Cocoa House, Restro Foresto, Grunge, House of People"
Exploring Rajasthani Culture,Timings: 5:30 AM-11 PM Entry Fee: INR 700 per adult and INR 400 per children
Trying Elephant Rides,"Timings: 8 AM-6 PM Entry Fee: INR 25 Indians, INR 200 foreigners"
Paint Ball Fun,Location: Tao Experiences Price: INR 750
Visiting Snow Planet,Timings: 11 AM-10 PM Entry Fee: INR 550 per person
Attending Rajasthan's Folk Festivals,"Major festivals: Kite, Dhulandi, Gangaur, Teej, etc."
Attending the Literature Fest,Location: Diggi Palace Time: January
Experiencing a Stay at a Heritage Hotel,"Popular hotels: Diggi Palace, Raj Mahal Palace, Samode Haveli, Ramgarh Lodge, etc. Entry Fee: INR 6000"
Glamping at Tree Resorts,"Location: Machan and Peacock Entry Fee: INR 12,000"
Camel Safari,Price: INR 600-1900 Timings: 11 AM-8 PM
Exploring the Wildlife,Timings: 6 AM-10:30 AM Entry Fee: INR 100 for Indians and INR 800 for foreigners
Attending Vintage Car Rally,Rally month: February
Pottery,Price: INR 1700
