,0
0,Places to Visit in Jaipur: Famous Forts
1,1. Nahargarh
2,2. Amer Fort
3,3. Jaigarh Fort
4,4. Moti Dungri
5,Historic Buildings in Jaipur
6,5. Hawa Mahal
7,6. Jal Mahal
8,7. City Palace of Jaipur (Chandra Mahal Palace)
9,8. Royal Gaitor
10,9. Iswari Minar Swarga Sal
11,10. Ganesh Pol
12,11. Diwan-e-Khas Hall of Private Audience
13,12. Panna Meena ka Kund
14,Places to Visit in Jaipur: Museums and Art Galleries
15,13. Jaipur Wax Museum
16,14. Anokhi Museum of Hand Printing
17,15. Maharaja Sawai Mansingh II Museum
18,16. Central Museum
19,17. S.R.C Museum of Indology
20,18. Doll Museum
21,19. Shree Sanjay Sharma Museum
22,Places to Visit in Jaipur: Historic Temples and Sites
23,20. Surya Mandir
24,21. Galtaji
25,22. Birla Lakshmi Narayan Temple
26,23. Ganesh Temple
27,24. Govind Devji Temple
28,25. Jantar Mantar
29,Related posts:
